--
-- PostgreSQL database dump
--

-- Dumped from database version 14.1
-- Dumped by pg_dump version 14.1

SET statement_timeout = 0;
SET lock_timeout = 0;
SET idle_in_transaction_session_timeout = 0;
SET client_encoding = 'UTF8';
SET standard_conforming_strings = on;
SELECT pg_catalog.set_config('search_path', '', false);
SET check_function_bodies = false;
SET xmloption = content;
SET client_min_messages = warning;
SET row_security = off;

ALTER TABLE IF EXISTS ONLY public.vente DROP CONSTRAINT IF EXISTS vente_vendeur_fkey;
ALTER TABLE IF EXISTS ONLY public.vente DROP CONSTRAINT IF EXISTS vente_article_fkey;
ALTER TABLE IF EXISTS ONLY public.utilisateur DROP CONSTRAINT IF EXISTS utilisateur_adresse_fkey;
ALTER TABLE IF EXISTS ONLY public."article-camera" DROP CONSTRAINT IF EXISTS refrence;
ALTER TABLE IF EXISTS ONLY public."article-son" DROP CONSTRAINT IF EXISTS reference;
ALTER TABLE IF EXISTS ONLY public."article-det-pross" DROP CONSTRAINT IF EXISTS reference;
ALTER TABLE IF EXISTS ONLY public."article-détails" DROP CONSTRAINT IF EXISTS reference;
ALTER TABLE IF EXISTS ONLY public."article-résol-cam" DROP CONSTRAINT IF EXISTS reference;
ALTER TABLE IF EXISTS ONLY public."article-memoire" DROP CONSTRAINT IF EXISTS reference;
ALTER TABLE IF EXISTS ONLY public."article-display" DROP CONSTRAINT IF EXISTS reference;
ALTER TABLE IF EXISTS ONLY public."article-stockage" DROP CONSTRAINT IF EXISTS reference;
ALTER TABLE IF EXISTS ONLY public."article-stockage" DROP CONSTRAINT IF EXISTS "id-stockage";
ALTER TABLE IF EXISTS ONLY public."article-son" DROP CONSTRAINT IF EXISTS "id-son";
ALTER TABLE IF EXISTS ONLY public."article-résol-cam" DROP CONSTRAINT IF EXISTS "id-résolcam";
ALTER TABLE IF EXISTS ONLY public."article-memoire" DROP CONSTRAINT IF EXISTS "id-mémoire";
ALTER TABLE IF EXISTS ONLY public."article-det-pross" DROP CONSTRAINT IF EXISTS "id-détpross";
ALTER TABLE IF EXISTS ONLY public."article-détails" DROP CONSTRAINT IF EXISTS "id-détails";
ALTER TABLE IF EXISTS ONLY public."article-display" DROP CONSTRAINT IF EXISTS "id-display";
ALTER TABLE IF EXISTS ONLY public."article-camera" DROP CONSTRAINT IF EXISTS "id-camera";
ALTER TABLE IF EXISTS ONLY public.commentaire DROP CONSTRAINT IF EXISTS commentaire_commentateur_fkey;
ALTER TABLE IF EXISTS ONLY public.commentaire DROP CONSTRAINT IF EXISTS commentaire_article_fkey;
ALTER TABLE IF EXISTS ONLY public.article DROP CONSTRAINT IF EXISTS article_vendeur_fkey;
ALTER TABLE IF EXISTS ONLY public.article DROP CONSTRAINT IF EXISTS article_categorie_fkey;
ALTER TABLE IF EXISTS ONLY public.achat DROP CONSTRAINT IF EXISTS achat_article_fkey;
ALTER TABLE IF EXISTS ONLY public.achat DROP CONSTRAINT IF EXISTS achat_acheteur_fkey;
ALTER TABLE IF EXISTS ONLY public.vente DROP CONSTRAINT IF EXISTS vente_pkey;
ALTER TABLE IF EXISTS ONLY public.utilisateur DROP CONSTRAINT IF EXISTS utilisateur_pkey;
ALTER TABLE IF EXISTS ONLY public.stockage DROP CONSTRAINT IF EXISTS stockage_pkey;
ALTER TABLE IF EXISTS ONLY public.son DROP CONSTRAINT IF EXISTS son_pkey;
ALTER TABLE IF EXISTS ONLY public."résolution camera" DROP CONSTRAINT IF EXISTS "résolution camera_pkey";
ALTER TABLE IF EXISTS ONLY public.memoire DROP CONSTRAINT IF EXISTS memoire_pkey;
ALTER TABLE IF EXISTS ONLY public."détails" DROP CONSTRAINT IF EXISTS "détails_pkey";
ALTER TABLE IF EXISTS ONLY public."détails processeur" DROP CONSTRAINT IF EXISTS "détails processeur_pkey";
ALTER TABLE IF EXISTS ONLY public.display DROP CONSTRAINT IF EXISTS display_pkey;
ALTER TABLE IF EXISTS ONLY public.categorie DROP CONSTRAINT IF EXISTS categorie_pkey;
ALTER TABLE IF EXISTS ONLY public.camera DROP CONSTRAINT IF EXISTS camera_pkey;
ALTER TABLE IF EXISTS ONLY public.article DROP CONSTRAINT IF EXISTS article_pkey;
ALTER TABLE IF EXISTS ONLY public."article-stockage" DROP CONSTRAINT IF EXISTS "article-stockage_pkey";
ALTER TABLE IF EXISTS ONLY public."article-son" DROP CONSTRAINT IF EXISTS "article-son_pkey";
ALTER TABLE IF EXISTS ONLY public."article-résol-cam" DROP CONSTRAINT IF EXISTS "article-résol-cam_pkey";
ALTER TABLE IF EXISTS ONLY public."article-memoire" DROP CONSTRAINT IF EXISTS "article-memoire_pkey";
ALTER TABLE IF EXISTS ONLY public."article-détails" DROP CONSTRAINT IF EXISTS "article-détails_pkey";
ALTER TABLE IF EXISTS ONLY public."article-display" DROP CONSTRAINT IF EXISTS "article-display_pkey";
ALTER TABLE IF EXISTS ONLY public."article-det-pross" DROP CONSTRAINT IF EXISTS "article-det-pross_pkey";
ALTER TABLE IF EXISTS ONLY public."article-camera" DROP CONSTRAINT IF EXISTS "article-camera_pkey";
ALTER TABLE IF EXISTS ONLY public.adresse DROP CONSTRAINT IF EXISTS adresse_pkey;
ALTER TABLE IF EXISTS ONLY public.achat DROP CONSTRAINT IF EXISTS achat_pkey;
ALTER TABLE IF EXISTS public.utilisateur ALTER COLUMN id DROP DEFAULT;
ALTER TABLE IF EXISTS public.adresse ALTER COLUMN id DROP DEFAULT;
DROP TABLE IF EXISTS public.vente;
DROP SEQUENCE IF EXISTS public.utilisateur_id_seq;
DROP TABLE IF EXISTS public.utilisateur;
DROP TABLE IF EXISTS public.stockage;
DROP TABLE IF EXISTS public.son;
DROP TABLE IF EXISTS public."résolution camera";
DROP TABLE IF EXISTS public.memoire;
DROP TABLE IF EXISTS public."détails processeur";
DROP TABLE IF EXISTS public."détails";
DROP TABLE IF EXISTS public.display;
DROP TABLE IF EXISTS public.commentaire;
DROP TABLE IF EXISTS public.categorie;
DROP TABLE IF EXISTS public.camera;
DROP TABLE IF EXISTS public."article-stockage";
DROP TABLE IF EXISTS public."article-son";
DROP TABLE IF EXISTS public."article-résol-cam";
DROP TABLE IF EXISTS public."article-memoire";
DROP TABLE IF EXISTS public."article-détails";
DROP TABLE IF EXISTS public."article-display";
DROP TABLE IF EXISTS public."article-det-pross";
DROP TABLE IF EXISTS public."article-camera";
DROP TABLE IF EXISTS public.article;
DROP SEQUENCE IF EXISTS public.adresse_id_seq;
DROP TABLE IF EXISTS public.adresse;
DROP TABLE IF EXISTS public.achat;
DROP FUNCTION IF EXISTS public.recherche(search_input text, categorie_filter integer);
DROP DOMAIN IF EXISTS public.pays;
DROP EXTENSION IF EXISTS adminpack;
--
-- Name: adminpack; Type: EXTENSION; Schema: -; Owner: -
--

CREATE EXTENSION IF NOT EXISTS adminpack WITH SCHEMA pg_catalog;


--
-- Name: EXTENSION adminpack; Type: COMMENT; Schema: -; Owner: 
--

COMMENT ON EXTENSION adminpack IS 'administrative functions for PostgreSQL';


--
-- Name: pays; Type: DOMAIN; Schema: public; Owner: postgres
--

CREATE DOMAIN public.pays AS text
	CONSTRAINT pays_check CHECK ((VALUE = 'France'::text));


ALTER DOMAIN public.pays OWNER TO postgres;

--
-- Name: recherche(text, integer); Type: FUNCTION; Schema: public; Owner: postgres
--

CREATE FUNCTION public.recherche(search_input text, categorie_filter integer DEFAULT NULL::integer) RETURNS TABLE(reference text, modele text, prix real, nom_vendeur text, prenom_vendeur text)
    LANGUAGE plpgsql
    AS $$
BEGIN
    RETURN QUERY SELECT article.reference, article.modele, article.prix, utilisateur.nom, utilisateur.prenom FROM article, utilisateur
        WHERE article.vendeur = utilisateur.id
        AND (
            search_input IS NULL
            OR LOWER(article.description) LIKE LOWER(search_input)
            OR LOWER(article.marque) LIKE LOWER(search_input)
            OR LOWER(article.serie) LIKE LOWER(search_input)
            OR LOWER(article.modele) LIKE LOWER(search_input)
        )
        AND (
            categorie_filter IS NULL
            OR article.categorie = categorie_filter
        );
END
$$;


ALTER FUNCTION public.recherche(search_input text, categorie_filter integer) OWNER TO postgres;

SET default_tablespace = '';

SET default_table_access_method = heap;

--
-- Name: achat; Type: TABLE; Schema: public; Owner: postgres
--

CREATE TABLE public.achat (
    acheteur integer NOT NULL,
    article text NOT NULL
);


ALTER TABLE public.achat OWNER TO postgres;

--
-- Name: adresse; Type: TABLE; Schema: public; Owner: postgres
--

CREATE TABLE public.adresse (
    id integer NOT NULL,
    pays public.pays NOT NULL,
    code_postal text NOT NULL,
    rue text NOT NULL,
    numero text NOT NULL,
    complement text
);


ALTER TABLE public.adresse OWNER TO postgres;

--
-- Name: adresse_id_seq; Type: SEQUENCE; Schema: public; Owner: postgres
--

CREATE SEQUENCE public.adresse_id_seq
    AS integer
    START WITH 1
    INCREMENT BY 1
    NO MINVALUE
    NO MAXVALUE
    CACHE 1;


ALTER TABLE public.adresse_id_seq OWNER TO postgres;

--
-- Name: adresse_id_seq; Type: SEQUENCE OWNED BY; Schema: public; Owner: postgres
--

ALTER SEQUENCE public.adresse_id_seq OWNED BY public.adresse.id;


--
-- Name: article; Type: TABLE; Schema: public; Owner: postgres
--

CREATE TABLE public.article (
    reference text NOT NULL,
    categorie integer NOT NULL,
    vendeur integer NOT NULL,
    prix real NOT NULL,
    description text,
    marque text,
    serie text,
    modele text
);


ALTER TABLE public.article OWNER TO postgres;

--
-- Name: article-camera; Type: TABLE; Schema: public; Owner: postgres
--

CREATE TABLE public."article-camera" (
    reference text NOT NULL,
    "id-camera" text NOT NULL
);


ALTER TABLE public."article-camera" OWNER TO postgres;

--
-- Name: article-det-pross; Type: TABLE; Schema: public; Owner: postgres
--

CREATE TABLE public."article-det-pross" (
    reference text NOT NULL,
    "id-détpross" integer NOT NULL
);


ALTER TABLE public."article-det-pross" OWNER TO postgres;

--
-- Name: article-display; Type: TABLE; Schema: public; Owner: postgres
--

CREATE TABLE public."article-display" (
    reference text NOT NULL,
    "id-dispaly" integer NOT NULL
);


ALTER TABLE public."article-display" OWNER TO postgres;

--
-- Name: article-détails; Type: TABLE; Schema: public; Owner: postgres
--

CREATE TABLE public."article-détails" (
    reference text NOT NULL,
    "id-détails" integer NOT NULL
);


ALTER TABLE public."article-détails" OWNER TO postgres;

--
-- Name: article-memoire; Type: TABLE; Schema: public; Owner: postgres
--

CREATE TABLE public."article-memoire" (
    reference text NOT NULL,
    "id-mémoire" integer NOT NULL
);


ALTER TABLE public."article-memoire" OWNER TO postgres;

--
-- Name: article-résol-cam; Type: TABLE; Schema: public; Owner: postgres
--

CREATE TABLE public."article-résol-cam" (
    reference text NOT NULL,
    "id-résolcam" integer NOT NULL
);


ALTER TABLE public."article-résol-cam" OWNER TO postgres;

--
-- Name: article-son; Type: TABLE; Schema: public; Owner: postgres
--

CREATE TABLE public."article-son" (
    reference text NOT NULL,
    "id-son" integer NOT NULL
);


ALTER TABLE public."article-son" OWNER TO postgres;

--
-- Name: article-stockage; Type: TABLE; Schema: public; Owner: postgres
--

CREATE TABLE public."article-stockage" (
    reference text NOT NULL,
    "id-stockage" integer NOT NULL
);


ALTER TABLE public."article-stockage" OWNER TO postgres;

--
-- Name: camera; Type: TABLE; Schema: public; Owner: postgres
--

CREATE TABLE public.camera (
    "id-camera" text NOT NULL,
    "model objectif" text,
    "marque objectif" text,
    "inclus (objectif)" text,
    "type d'appareil" text,
    focale text,
    "stabilisateur " text
);


ALTER TABLE public.camera OWNER TO postgres;

--
-- Name: categorie; Type: TABLE; Schema: public; Owner: postgres
--

CREATE TABLE public.categorie (
    id integer NOT NULL,
    nom text NOT NULL
);


ALTER TABLE public.categorie OWNER TO postgres;

--
-- Name: commentaire; Type: TABLE; Schema: public; Owner: postgres
--

CREATE TABLE public.commentaire (
    commentateur integer,
    article text,
    note integer NOT NULL,
    commentaire text,
    CONSTRAINT commentaire_note_check CHECK (((note >= 1) AND (note <= 5)))
);


ALTER TABLE public.commentaire OWNER TO postgres;

--
-- Name: display; Type: TABLE; Schema: public; Owner: postgres
--

CREATE TABLE public.display (
    "id-display" integer NOT NULL,
    "résolution" text,
    "type écran" text,
    contrast text,
    "taille écran" text,
    "carte graphique" text
);


ALTER TABLE public.display OWNER TO postgres;

--
-- Name: détails; Type: TABLE; Schema: public; Owner: postgres
--

CREATE TABLE public."détails" (
    "id-détails" integer NOT NULL,
    poids text,
    couleur text,
    "systéme d'exploitation" text
);


ALTER TABLE public."détails" OWNER TO postgres;

--
-- Name: détails processeur; Type: TABLE; Schema: public; Owner: postgres
--

CREATE TABLE public."détails processeur" (
    "id-détpross" integer NOT NULL,
    vitesse text,
    marque text,
    processeur text
);


ALTER TABLE public."détails processeur" OWNER TO postgres;

--
-- Name: memoire; Type: TABLE; Schema: public; Owner: postgres
--

CREATE TABLE public.memoire (
    "id-mémoire" integer NOT NULL,
    "taille bigit" text,
    "type mémoire" text,
    "nbre barettes" integer
);


ALTER TABLE public.memoire OWNER TO postgres;

--
-- Name: résolution camera; Type: TABLE; Schema: public; Owner: postgres
--

CREATE TABLE public."résolution camera" (
    "id-résolcam" integer NOT NULL,
    megapixels text
);


ALTER TABLE public."résolution camera" OWNER TO postgres;

--
-- Name: son; Type: TABLE; Schema: public; Owner: postgres
--

CREATE TABLE public.son (
    "id-son" integer NOT NULL,
    bluetooth text,
    "réducteur bruit" text,
    "connectivité" text,
    microphone text,
    "sans fil" text
);


ALTER TABLE public.son OWNER TO postgres;

--
-- Name: stockage; Type: TABLE; Schema: public; Owner: postgres
--

CREATE TABLE public.stockage (
    "id-stockage" integer NOT NULL,
    "capacité" text,
    type text,
    stockage text
);


ALTER TABLE public.stockage OWNER TO postgres;

--
-- Name: utilisateur; Type: TABLE; Schema: public; Owner: postgres
--

CREATE TABLE public.utilisateur (
    id integer NOT NULL,
    nom text NOT NULL,
    prenom text NOT NULL,
    mail text NOT NULL,
    tel text NOT NULL,
    adresse integer NOT NULL
);


ALTER TABLE public.utilisateur OWNER TO postgres;

--
-- Name: utilisateur_id_seq; Type: SEQUENCE; Schema: public; Owner: postgres
--

CREATE SEQUENCE public.utilisateur_id_seq
    AS integer
    START WITH 1
    INCREMENT BY 1
    NO MINVALUE
    NO MAXVALUE
    CACHE 1;


ALTER TABLE public.utilisateur_id_seq OWNER TO postgres;

--
-- Name: utilisateur_id_seq; Type: SEQUENCE OWNED BY; Schema: public; Owner: postgres
--

ALTER SEQUENCE public.utilisateur_id_seq OWNED BY public.utilisateur.id;


--
-- Name: vente; Type: TABLE; Schema: public; Owner: postgres
--

CREATE TABLE public.vente (
    vendeur integer NOT NULL,
    article text NOT NULL
);


ALTER TABLE public.vente OWNER TO postgres;

--
-- Name: adresse id; Type: DEFAULT; Schema: public; Owner: postgres
--

ALTER TABLE ONLY public.adresse ALTER COLUMN id SET DEFAULT nextval('public.adresse_id_seq'::regclass);


--
-- Name: utilisateur id; Type: DEFAULT; Schema: public; Owner: postgres
--

ALTER TABLE ONLY public.utilisateur ALTER COLUMN id SET DEFAULT nextval('public.utilisateur_id_seq'::regclass);


--
-- Data for Name: achat; Type: TABLE DATA; Schema: public; Owner: postgres
--

COPY public.achat (acheteur, article) FROM stdin;
\.


--
-- Data for Name: adresse; Type: TABLE DATA; Schema: public; Owner: postgres
--

COPY public.adresse (id, pays, code_postal, rue, numero, complement) FROM stdin;
3	France	57050	rue St Ferréol	144b	\N
5	France	91600	rue du Président Roosevelt	127	App. 7
1	France	93390	rue de Strasbourg	46	\N
2	France	21000	rue des lieutenants Thomazo	109	\N
4	France	88630	rue de la Basilique	2	\N
\.


--
-- Data for Name: article; Type: TABLE DATA; Schema: public; Owner: postgres
--

COPY public.article (reference, categorie, vendeur, prix, description, marque, serie, modele) FROM stdin;
abricot	1	1	500	Un iPhone 13.	Apple	iPhone	iPhone 13
banane	1	2	620	iPhone 13, encore emballé.	Apple	iPhone	iPhone 13
courgette	1	2	15	Téléphone résistant aux chocs	Nokia	Nokia 105	Nokia 105
datte	2	3	4200	Écran 27 pouces, 8 coeurs, Intel Xeon W (3.2 GHz), Radeon Pro Vega 56, 1 To SDD	Apple	iMac	iMac Pro
érable	2	4	260	Beau comme un dindon sorti du four.	Lenovo	Lenovo	Lenovo L540
figue	3	9	700	Prix de Noël !	Apple	iPad	iPad Pro
goyave	4	5	830	Couleur: noyer	Focal	Aria	Aria 936
haricot	4	6	11490	\N	Klipsch	Klipschorn	Klipschorn AK6
icaque	4	1	90	Haut-parleurs 5.1	Logitech	Logitech Z607	Logitech Z607
jamalac	5	4	400	24.1 mégapixels	Canon	Canon EOS	Canon EOS 2000D
\.


--
-- Data for Name: article-camera; Type: TABLE DATA; Schema: public; Owner: postgres
--

COPY public."article-camera" (reference, "id-camera") FROM stdin;
\.


--
-- Data for Name: article-det-pross; Type: TABLE DATA; Schema: public; Owner: postgres
--

COPY public."article-det-pross" (reference, "id-détpross") FROM stdin;
\.


--
-- Data for Name: article-display; Type: TABLE DATA; Schema: public; Owner: postgres
--

COPY public."article-display" (reference, "id-dispaly") FROM stdin;
\.


--
-- Data for Name: article-détails; Type: TABLE DATA; Schema: public; Owner: postgres
--

COPY public."article-détails" (reference, "id-détails") FROM stdin;
\.


--
-- Data for Name: article-memoire; Type: TABLE DATA; Schema: public; Owner: postgres
--

COPY public."article-memoire" (reference, "id-mémoire") FROM stdin;
\.


--
-- Data for Name: article-résol-cam; Type: TABLE DATA; Schema: public; Owner: postgres
--

COPY public."article-résol-cam" (reference, "id-résolcam") FROM stdin;
\.


--
-- Data for Name: article-son; Type: TABLE DATA; Schema: public; Owner: postgres
--

COPY public."article-son" (reference, "id-son") FROM stdin;
\.


--
-- Data for Name: article-stockage; Type: TABLE DATA; Schema: public; Owner: postgres
--

COPY public."article-stockage" (reference, "id-stockage") FROM stdin;
\.


--
-- Data for Name: camera; Type: TABLE DATA; Schema: public; Owner: postgres
--

COPY public.camera ("id-camera", "model objectif", "marque objectif", "inclus (objectif)", "type d'appareil", focale, "stabilisateur ") FROM stdin;
\.


--
-- Data for Name: categorie; Type: TABLE DATA; Schema: public; Owner: postgres
--

COPY public.categorie (id, nom) FROM stdin;
2	PC
4	Audio
3	Tablette
5	Caméra
1	Smartphone
\.


--
-- Data for Name: commentaire; Type: TABLE DATA; Schema: public; Owner: postgres
--

COPY public.commentaire (commentateur, article, note, commentaire) FROM stdin;
\.


--
-- Data for Name: display; Type: TABLE DATA; Schema: public; Owner: postgres
--

COPY public.display ("id-display", "résolution", "type écran", contrast, "taille écran", "carte graphique") FROM stdin;
\.


--
-- Data for Name: détails; Type: TABLE DATA; Schema: public; Owner: postgres
--

COPY public."détails" ("id-détails", poids, couleur, "systéme d'exploitation") FROM stdin;
\.


--
-- Data for Name: détails processeur; Type: TABLE DATA; Schema: public; Owner: postgres
--

COPY public."détails processeur" ("id-détpross", vitesse, marque, processeur) FROM stdin;
\.


--
-- Data for Name: memoire; Type: TABLE DATA; Schema: public; Owner: postgres
--

COPY public.memoire ("id-mémoire", "taille bigit", "type mémoire", "nbre barettes") FROM stdin;
\.


--
-- Data for Name: résolution camera; Type: TABLE DATA; Schema: public; Owner: postgres
--

COPY public."résolution camera" ("id-résolcam", megapixels) FROM stdin;
\.


--
-- Data for Name: son; Type: TABLE DATA; Schema: public; Owner: postgres
--

COPY public.son ("id-son", bluetooth, "réducteur bruit", "connectivité", microphone, "sans fil") FROM stdin;
\.


--
-- Data for Name: stockage; Type: TABLE DATA; Schema: public; Owner: postgres
--

COPY public.stockage ("id-stockage", "capacité", type, stockage) FROM stdin;
\.


--
-- Data for Name: utilisateur; Type: TABLE DATA; Schema: public; Owner: postgres
--

COPY public.utilisateur (id, nom, prenom, mail, tel, adresse) FROM stdin;
3	Ferrau	Patrice	patate482@yahoo.fr	01.11.92.28	1
2	Blanchefle	Robitaille	banchefle-robitaille@gmail.com	03 36 16 24	2
1	Ferrau	Huppé	ferrau.huppe@yahoo.fr	01.11.92.28	1
4	Gradasso	Bilodeau	gradasso@google.com	+33 3 35 61 28	3
6	Romée	Isabelle	isabelleromee@vosges.fr	0329069586	4
7	d'Arc	Jacques	jacquesdarc@vosges.fr	03 29 06 95 86	4
8	d'Arc	Catherine	catherine@vosges.fr	0329 0695 86	4
9	de Chateaub	Royce	royce@dechateaub.co.uk	014932645	5
5	d'Arc	Jeanne	jeannedarc@vosges.fr	0329069586	4
\.


--
-- Data for Name: vente; Type: TABLE DATA; Schema: public; Owner: postgres
--

COPY public.vente (vendeur, article) FROM stdin;
\.


--
-- Name: adresse_id_seq; Type: SEQUENCE SET; Schema: public; Owner: postgres
--

SELECT pg_catalog.setval('public.adresse_id_seq', 34, true);


--
-- Name: utilisateur_id_seq; Type: SEQUENCE SET; Schema: public; Owner: postgres
--

SELECT pg_catalog.setval('public.utilisateur_id_seq', 24, true);


--
-- Name: achat achat_pkey; Type: CONSTRAINT; Schema: public; Owner: postgres
--

ALTER TABLE ONLY public.achat
    ADD CONSTRAINT achat_pkey PRIMARY KEY (acheteur, article);


--
-- Name: adresse adresse_pkey; Type: CONSTRAINT; Schema: public; Owner: postgres
--

ALTER TABLE ONLY public.adresse
    ADD CONSTRAINT adresse_pkey PRIMARY KEY (id);


--
-- Name: article-camera article-camera_pkey; Type: CONSTRAINT; Schema: public; Owner: postgres
--

ALTER TABLE ONLY public."article-camera"
    ADD CONSTRAINT "article-camera_pkey" PRIMARY KEY (reference, "id-camera");


--
-- Name: article-det-pross article-det-pross_pkey; Type: CONSTRAINT; Schema: public; Owner: postgres
--

ALTER TABLE ONLY public."article-det-pross"
    ADD CONSTRAINT "article-det-pross_pkey" PRIMARY KEY (reference, "id-détpross");


--
-- Name: article-display article-display_pkey; Type: CONSTRAINT; Schema: public; Owner: postgres
--

ALTER TABLE ONLY public."article-display"
    ADD CONSTRAINT "article-display_pkey" PRIMARY KEY (reference, "id-dispaly");


--
-- Name: article-détails article-détails_pkey; Type: CONSTRAINT; Schema: public; Owner: postgres
--

ALTER TABLE ONLY public."article-détails"
    ADD CONSTRAINT "article-détails_pkey" PRIMARY KEY (reference, "id-détails");


--
-- Name: article-memoire article-memoire_pkey; Type: CONSTRAINT; Schema: public; Owner: postgres
--

ALTER TABLE ONLY public."article-memoire"
    ADD CONSTRAINT "article-memoire_pkey" PRIMARY KEY ("id-mémoire", reference);


--
-- Name: article-résol-cam article-résol-cam_pkey; Type: CONSTRAINT; Schema: public; Owner: postgres
--

ALTER TABLE ONLY public."article-résol-cam"
    ADD CONSTRAINT "article-résol-cam_pkey" PRIMARY KEY (reference, "id-résolcam");


--
-- Name: article-son article-son_pkey; Type: CONSTRAINT; Schema: public; Owner: postgres
--

ALTER TABLE ONLY public."article-son"
    ADD CONSTRAINT "article-son_pkey" PRIMARY KEY (reference, "id-son");


--
-- Name: article-stockage article-stockage_pkey; Type: CONSTRAINT; Schema: public; Owner: postgres
--

ALTER TABLE ONLY public."article-stockage"
    ADD CONSTRAINT "article-stockage_pkey" PRIMARY KEY (reference, "id-stockage");


--
-- Name: article article_pkey; Type: CONSTRAINT; Schema: public; Owner: postgres
--

ALTER TABLE ONLY public.article
    ADD CONSTRAINT article_pkey PRIMARY KEY (reference);


--
-- Name: camera camera_pkey; Type: CONSTRAINT; Schema: public; Owner: postgres
--

ALTER TABLE ONLY public.camera
    ADD CONSTRAINT camera_pkey PRIMARY KEY ("id-camera");


--
-- Name: categorie categorie_pkey; Type: CONSTRAINT; Schema: public; Owner: postgres
--

ALTER TABLE ONLY public.categorie
    ADD CONSTRAINT categorie_pkey PRIMARY KEY (id);


--
-- Name: display display_pkey; Type: CONSTRAINT; Schema: public; Owner: postgres
--

ALTER TABLE ONLY public.display
    ADD CONSTRAINT display_pkey PRIMARY KEY ("id-display");


--
-- Name: détails processeur détails processeur_pkey; Type: CONSTRAINT; Schema: public; Owner: postgres
--

ALTER TABLE ONLY public."détails processeur"
    ADD CONSTRAINT "détails processeur_pkey" PRIMARY KEY ("id-détpross");


--
-- Name: détails détails_pkey; Type: CONSTRAINT; Schema: public; Owner: postgres
--

ALTER TABLE ONLY public."détails"
    ADD CONSTRAINT "détails_pkey" PRIMARY KEY ("id-détails");


--
-- Name: memoire memoire_pkey; Type: CONSTRAINT; Schema: public; Owner: postgres
--

ALTER TABLE ONLY public.memoire
    ADD CONSTRAINT memoire_pkey PRIMARY KEY ("id-mémoire");


--
-- Name: résolution camera résolution camera_pkey; Type: CONSTRAINT; Schema: public; Owner: postgres
--

ALTER TABLE ONLY public."résolution camera"
    ADD CONSTRAINT "résolution camera_pkey" PRIMARY KEY ("id-résolcam");


--
-- Name: son son_pkey; Type: CONSTRAINT; Schema: public; Owner: postgres
--

ALTER TABLE ONLY public.son
    ADD CONSTRAINT son_pkey PRIMARY KEY ("id-son");


--
-- Name: stockage stockage_pkey; Type: CONSTRAINT; Schema: public; Owner: postgres
--

ALTER TABLE ONLY public.stockage
    ADD CONSTRAINT stockage_pkey PRIMARY KEY ("id-stockage");


--
-- Name: utilisateur utilisateur_pkey; Type: CONSTRAINT; Schema: public; Owner: postgres
--

ALTER TABLE ONLY public.utilisateur
    ADD CONSTRAINT utilisateur_pkey PRIMARY KEY (id);


--
-- Name: vente vente_pkey; Type: CONSTRAINT; Schema: public; Owner: postgres
--

ALTER TABLE ONLY public.vente
    ADD CONSTRAINT vente_pkey PRIMARY KEY (vendeur, article);


--
-- Name: achat achat_acheteur_fkey; Type: FK CONSTRAINT; Schema: public; Owner: postgres
--

ALTER TABLE ONLY public.achat
    ADD CONSTRAINT achat_acheteur_fkey FOREIGN KEY (acheteur) REFERENCES public.utilisateur(id);


--
-- Name: achat achat_article_fkey; Type: FK CONSTRAINT; Schema: public; Owner: postgres
--

ALTER TABLE ONLY public.achat
    ADD CONSTRAINT achat_article_fkey FOREIGN KEY (article) REFERENCES public.article(reference);


--
-- Name: article article_categorie_fkey; Type: FK CONSTRAINT; Schema: public; Owner: postgres
--

ALTER TABLE ONLY public.article
    ADD CONSTRAINT article_categorie_fkey FOREIGN KEY (categorie) REFERENCES public.categorie(id);


--
-- Name: article article_vendeur_fkey; Type: FK CONSTRAINT; Schema: public; Owner: postgres
--

ALTER TABLE ONLY public.article
    ADD CONSTRAINT article_vendeur_fkey FOREIGN KEY (vendeur) REFERENCES public.utilisateur(id);


--
-- Name: commentaire commentaire_article_fkey; Type: FK CONSTRAINT; Schema: public; Owner: postgres
--

ALTER TABLE ONLY public.commentaire
    ADD CONSTRAINT commentaire_article_fkey FOREIGN KEY (article) REFERENCES public.article(reference);


--
-- Name: commentaire commentaire_commentateur_fkey; Type: FK CONSTRAINT; Schema: public; Owner: postgres
--

ALTER TABLE ONLY public.commentaire
    ADD CONSTRAINT commentaire_commentateur_fkey FOREIGN KEY (commentateur) REFERENCES public.utilisateur(id);


--
-- Name: article-camera id-camera; Type: FK CONSTRAINT; Schema: public; Owner: postgres
--

ALTER TABLE ONLY public."article-camera"
    ADD CONSTRAINT "id-camera" FOREIGN KEY ("id-camera") REFERENCES public.camera("id-camera");


--
-- Name: article-display id-display; Type: FK CONSTRAINT; Schema: public; Owner: postgres
--

ALTER TABLE ONLY public."article-display"
    ADD CONSTRAINT "id-display" FOREIGN KEY ("id-dispaly") REFERENCES public.display("id-display");


--
-- Name: article-détails id-détails; Type: FK CONSTRAINT; Schema: public; Owner: postgres
--

ALTER TABLE ONLY public."article-détails"
    ADD CONSTRAINT "id-détails" FOREIGN KEY ("id-détails") REFERENCES public."détails"("id-détails");


--
-- Name: article-det-pross id-détpross; Type: FK CONSTRAINT; Schema: public; Owner: postgres
--

ALTER TABLE ONLY public."article-det-pross"
    ADD CONSTRAINT "id-détpross" FOREIGN KEY ("id-détpross") REFERENCES public."détails processeur"("id-détpross");


--
-- Name: article-memoire id-mémoire; Type: FK CONSTRAINT; Schema: public; Owner: postgres
--

ALTER TABLE ONLY public."article-memoire"
    ADD CONSTRAINT "id-mémoire" FOREIGN KEY ("id-mémoire") REFERENCES public.memoire("id-mémoire");


--
-- Name: article-résol-cam id-résolcam; Type: FK CONSTRAINT; Schema: public; Owner: postgres
--

ALTER TABLE ONLY public."article-résol-cam"
    ADD CONSTRAINT "id-résolcam" FOREIGN KEY ("id-résolcam") REFERENCES public."résolution camera"("id-résolcam");


--
-- Name: article-son id-son; Type: FK CONSTRAINT; Schema: public; Owner: postgres
--

ALTER TABLE ONLY public."article-son"
    ADD CONSTRAINT "id-son" FOREIGN KEY ("id-son") REFERENCES public.son("id-son");


--
-- Name: article-stockage id-stockage; Type: FK CONSTRAINT; Schema: public; Owner: postgres
--

ALTER TABLE ONLY public."article-stockage"
    ADD CONSTRAINT "id-stockage" FOREIGN KEY ("id-stockage") REFERENCES public.stockage("id-stockage");


--
-- Name: article-stockage reference; Type: FK CONSTRAINT; Schema: public; Owner: postgres
--

ALTER TABLE ONLY public."article-stockage"
    ADD CONSTRAINT reference FOREIGN KEY (reference) REFERENCES public.article(reference);


--
-- Name: article-display reference; Type: FK CONSTRAINT; Schema: public; Owner: postgres
--

ALTER TABLE ONLY public."article-display"
    ADD CONSTRAINT reference FOREIGN KEY (reference) REFERENCES public.article(reference);


--
-- Name: article-memoire reference; Type: FK CONSTRAINT; Schema: public; Owner: postgres
--

ALTER TABLE ONLY public."article-memoire"
    ADD CONSTRAINT reference FOREIGN KEY (reference) REFERENCES public.article(reference);


--
-- Name: article-résol-cam reference; Type: FK CONSTRAINT; Schema: public; Owner: postgres
--

ALTER TABLE ONLY public."article-résol-cam"
    ADD CONSTRAINT reference FOREIGN KEY (reference) REFERENCES public.article(reference);


--
-- Name: article-détails reference; Type: FK CONSTRAINT; Schema: public; Owner: postgres
--

ALTER TABLE ONLY public."article-détails"
    ADD CONSTRAINT reference FOREIGN KEY (reference) REFERENCES public.article(reference);


--
-- Name: article-det-pross reference; Type: FK CONSTRAINT; Schema: public; Owner: postgres
--

ALTER TABLE ONLY public."article-det-pross"
    ADD CONSTRAINT reference FOREIGN KEY (reference) REFERENCES public.article(reference);


--
-- Name: article-son reference; Type: FK CONSTRAINT; Schema: public; Owner: postgres
--

ALTER TABLE ONLY public."article-son"
    ADD CONSTRAINT reference FOREIGN KEY (reference) REFERENCES public.article(reference);


--
-- Name: article-camera refrence; Type: FK CONSTRAINT; Schema: public; Owner: postgres
--

ALTER TABLE ONLY public."article-camera"
    ADD CONSTRAINT refrence FOREIGN KEY (reference) REFERENCES public.article(reference);


--
-- Name: utilisateur utilisateur_adresse_fkey; Type: FK CONSTRAINT; Schema: public; Owner: postgres
--

ALTER TABLE ONLY public.utilisateur
    ADD CONSTRAINT utilisateur_adresse_fkey FOREIGN KEY (adresse) REFERENCES public.adresse(id);


--
-- Name: vente vente_article_fkey; Type: FK CONSTRAINT; Schema: public; Owner: postgres
--

ALTER TABLE ONLY public.vente
    ADD CONSTRAINT vente_article_fkey FOREIGN KEY (article) REFERENCES public.article(reference);


--
-- Name: vente vente_vendeur_fkey; Type: FK CONSTRAINT; Schema: public; Owner: postgres
--

ALTER TABLE ONLY public.vente
    ADD CONSTRAINT vente_vendeur_fkey FOREIGN KEY (vendeur) REFERENCES public.utilisateur(id);


--
-- PostgreSQL database dump complete
--

